url,label
https://www.paypal.com/signin,benign
https://github.com/torvalds/linux,benign
https://en.wikipedia.org/wiki/Phishing,benign
https://www.amazon.com/gp/cart/view.html,benign
https://docs.python.org/3/library/urllib.parse.html,benign
https://www.microsoft.com/en-us/security,benign
https://stackoverflow.com/questions/12345/how-to-parse-a-url,benign
https://www.nytimes.com/section/technology,benign
https://pypi.org/project/scikit-learn/,benign
https://www.cloudflare.com/learning/security/threats/phishing/,benign
https://support.google.com/accounts/answer/32050,benign
https://www.bbc.com/news/technology,benign
https://developer.mozilla.org/en-US/docs/Web/API/URL,benign
https://www.apple.com/shop/buy-iphone,benign
https://news.ycombinator.com/item?id=1,benign
http://192.168.1.20/login,phishing
http://paypal.com.secure-login.example/verify,phishing
https://xn--pypal-4ve.com/account/update,phishing
http://micros0ft-support.tk/password/reset?user=1,phishing
https://login-appleid.secure-check.xyz/session,phishing
http://bit.ly/3abcd,phishing
https://amazon-billing-update.cf/invoice/2024,phishing
http://accounts.google.com.verify-now.ru/signin,phishing
https://www.bankofamerica.com.session-lock.gq/login.php,phishing
http://203.0.113.50/wp-admin/update.php?id=99,phishing
https://dropbox-share-file.ml/download/doc,phishing
http://secure-wellsfargo.account-alert.top/confirm,phishing
https://netflix-billing.suspended-user.club/pay,phishing
http://facebook.com.login-help.pw/recover,phishing
https://office365-password-expire.review/reset,phishing
